pr_auc,roc_auc,prevalence,n_test_rows,n_test_queries
0.7114157517964999,0.7709005260105608,0.41856805664830843,1271,107
